shape,scale,orientation,position_x,position_y
square,0.5704146585348762,316.0431434512601,0.4870034148154879,0.2542943939354147
triangle,0.4107639044407291,129.18861049536432,0.5804286012691344,0.22739424582233025
triangle,0.33554689928547,108.77411505269119,0.7406652587532836,0.5672235180414331
circle,0.613443235353338,122.82586110371119,0.5332140787531178,0.2633292178609206
triangle,0.2996114822685323,287.323750042939,0.33560694689243364,0.2180073839312929
circle,0.4219656072190602,143.82748327101612,0.5814663102941566,0.2528378273416468
circle,0.5111594875523093,135.10393931898784,0.732394689526273,0.4464485803825661
triangle,0.5101866078911897,139.35706085149792,0.6856456946016563,0.2459580908999797
triangle,0.24193628223602825,198.2098587275829,0.4929388188113167,0.6481731762293728
triangle,0.6267621401793624,193.58185565097824,0.367648343517345,0.6313218268076641
circle,0.37319663322980634,106.55301422759995,0.3942905490334696,0.2555547805392342
square,0.5257785802215085,239.4129523612115,0.3485988613261317,0.6240104745220949
square,0.6790603442049623,82.7071009325804,0.5183393978246089,0.7279503381572334
circle,0.25240889407237,149.37828638956225,0.2821593265302559,0.3485032376166136
triangle,0.24971832945180122,25.442782765580002,0.3509081871808367,0.24904538030177173
triangle,0.6809122475071211,296.75921758324563,0.7765876731040982,0.7604755207145999
triangle,0.28417953140364843,75.99059814284604,0.5576629394279289,0.4922063542738586
circle,0.2553160075324244,227.16855241342557,0.381150824508373,0.7171962798659708
square,0.5471619411236683,344.8931714552964,0.5853575197417904,0.5406468539292989
triangle,0.7643636333716308,205.97652125039073,0.6413011203424738,0.39476227302597394
triangle,0.2458918705259275,16.2151253428387,0.3739550254722528,0.7956611012694963
square,0.41301517616230443,118.73339583135001,0.4925358146039666,0.5551342111058708
square,0.5417849091216599,203.7483948955392,0.7495274092089359,0.5582420711770444
square,0.7567982307452317,234.91765869750796,0.7299277447230306,0.3173648915734294
triangle,0.6961232182456831,109.22463301658503,0.40656839119749755,0.4421077300508024
triangle,0.7415281085329155,243.53216211025241,0.7554779194183792,0.7406403125361489
square,0.41725528337724754,329.52755963884374,0.26816962751413176,0.6181565814467427
triangle,0.2708289570048405,344.30327806694584,0.49467496894403645,0.2922749117975409
square,0.5821339784074353,187.91122090417633,0.5037346660118569,0.5206818608473548
triangle,0.5248958514175577,100.65269629656576,0.5695615311524193,0.5847668120621096
circle,0.7939072423544469,316.57877752745156,0.6335089425129348,0.34745219067386596
triangle,0.7055653897309171,284.28351313071,0.5021461644722491,0.6545223433071424
circle,0.734136588688991,46.1960671514731,0.39981805703187734,0.4215435383284097
circle,0.7711531463738379,67.97298912454356,0.36975708696079074,0.206009966116261
triangle,0.7755639785966395,110.67069922865542,0.63598323412941,0.5040592498383774
circle,0.5776526204969805,3.89356758010448,0.6492420419203215,0.5930027058964737
square,0.6568964886759394,124.08170171990575,0.21246392227708688,0.3644726924492283
circle,0.2565901844410312,36.47688429439042,0.6186909415415844,0.2915459500745636
triangle,0.4852706455923394,106.42931976545327,0.3280128118093817,0.47017917256677805
circle,0.6204789694778969,308.0213304705307,0.4804442053278858,0.6427728434765574
circle,0.48071370103882666,106.1292419609005,0.5408100591728733,0.24309486146528575
triangle,0.7261209509955122,337.43093094877725,0.7576243350222853,0.3214127390138123
circle,0.35980604620873524,300.84608809303785,0.383607721755552,0.6546442030740953
square,0.552800089592361,293.3255763083198,0.2139166569625466,0.3056301635310994
circle,0.6271598730338837,18.897507480664867,0.37262516129591994,0.5907027865377412
square,0.39841281503251036,48.45944591614249,0.315852649382428,0.6214182525573706
circle,0.5587201135739983,92.77710718352378,0.2946016807489758,0.35597710576783304
square,0.7647370171523902,171.41887120013448,0.6223560960688181,0.21156058003816292
circle,0.24120010477583348,183.6211499155579,0.7920486671498339,0.7318973454782245
square,0.5315847753299173,248.85487033356398,0.23599074303425424,0.35861665823144584
circle,0.352969463718258,304.80203721396424,0.7811054364990693,0.7641270597915373
circle,0.3537871938042826,240.16456822476346,0.7599331868913004,0.552059767795933
square,0.4579970489077528,22.377666750573585,0.22394137803271044,0.5387141389548739
square,0.417218681576372,333.7193118444676,0.33763085047660746,0.33943734077677634
triangle,0.5492993649132425,55.407039971610615,0.4206906729117385,0.32368013658669814
circle,0.5120863993082125,290.10593436828873,0.6102932928379969,0.42126708160613574
square,0.5031491484457196,46.12223223860922,0.5062449178949802,0.24294470766898627
circle,0.7425218648567797,91.83411714228203,0.5152249910100055,0.6765475554839497
square,0.7784091514508242,359.4026926976733,0.6873722915503333,0.49730070224962414
square,0.5275751386223498,149.46591448510435,0.4574407462570243,0.6071016830848861
circle,0.5356806260526135,2.9170693416232485,0.32628848740808925,0.25249961789762576
circle,0.40279223164743216,32.80775610105878,0.6245500564418458,0.3805238928777488
square,0.41769231201026225,333.95004703997046,0.7292043417314242,0.545851858377315
circle,0.4727461968165745,328.45368556451587,0.3683124767857989,0.6775395947200389
circle,0.37824212060679435,74.32301386960512,0.7623177576359066,0.36673574625818334
circle,0.6902322914296781,202.59704791465643,0.29494168884475425,0.2844480247572312
triangle,0.4105505419247348,194.10662891506496,0.6990164917671312,0.6373135261394367
circle,0.6701719282705507,41.96495081158472,0.3374672058753624,0.5630444784269946
triangle,0.27450066593517963,26.480592744730433,0.2923133620882641,0.7617974903724563
square,0.5728279598898387,212.6179997720733,0.30761905603286177,0.34183049543071525
triangle,0.22791317985357873,108.59206307977263,0.22409133765441933,0.7521376578809877
square,0.30670929453889867,84.79970339897592,0.2901511658240271,0.4362492465372462
circle,0.647639735598549,33.22934582016613,0.7615959945453705,0.33476759437423326
triangle,0.5717390113983923,287.1563082896785,0.3792986765089149,0.5874941230306385
triangle,0.46842314941775454,164.46631205911098,0.3577085645880309,0.2683715374189317
circle,0.28110465497614956,330.03498968599007,0.6449974907746461,0.5426689270021273
circle,0.5571977783147314,137.3060241493564,0.6175419093715522,0.5019577482168357
square,0.5618199035915118,143.94490242351287,0.3897863311025981,0.4055433833230946
circle,0.4423314647790276,142.59165438035419,0.644354350883485,0.4024864578739006
triangle,0.49697793863399425,123.85668578594705,0.4369447609919284,0.4587716417129413
square,0.35736166692410287,101.56572786102579,0.298355229910981,0.7103825810820699
triangle,0.26685142527792594,6.253674439941053,0.7087197644326377,0.6020994071009103
triangle,0.6928168031913204,235.22630948855476,0.4003086247013099,0.49246442770054116
triangle,0.7782942618563555,349.617575634055,0.46476011748346363,0.7948849244351026
triangle,0.6954594332549244,199.5536085655173,0.25131616614891317,0.2687950299659333
triangle,0.5331222038119277,191.7367577842728,0.547173347581048,0.46673704349799766
triangle,0.5523218094670697,48.63826162025439,0.36753393042935456,0.6973721163216142
circle,0.6522241777990825,139.93333070516815,0.5277542404786865,0.6259048797154381
triangle,0.6506824887998653,12.600483035417515,0.560285786899777,0.690703706357263
square,0.2496016813412815,159.6375976836071,0.6996776228639588,0.6449279855706395
circle,0.5505523444834037,224.91526405341588,0.6548503701986439,0.655667429220208
square,0.47336802681284346,12.564618608532774,0.28774122617063735,0.6467695304402874
circle,0.48795746067946405,189.45270740204575,0.25028047744483295,0.44186907942296727
square,0.6200871160662902,184.82606564658548,0.48975342766627306,0.6056381866679197
square,0.7555301794471916,13.002051793213205,0.5018027400739982,0.2096681127277121
triangle,0.5131958880581362,121.82003881937095,0.40882709091797886,0.5864915544940545
square,0.47660683564806267,293.73494830132495,0.5073923892385661,0.4440884581636515
square,0.33265223653379516,229.66001224839994,0.2663785324837153,0.2319934354429778
square,0.2526170689675578,13.04977879581755,0.40463670554176057,0.3135572454370088
circle,0.5552767265124379,233.8578854119347,0.6425829455110658,0.31251989728871177
square,0.36025866651662075,83.57415352222716,0.21457644746345472,0.5408642397975523
triangle,0.791683013926846,170.7970366145826,0.48456161455721886,0.2900511889203568
circle,0.7326975047621753,77.9122599898902,0.41510552924266647,0.756627384961361
circle,0.6114591453887863,212.6504765723116,0.4402554513671508,0.3381839298438687
square,0.6677905492467466,51.805151594613235,0.6569490749354949,0.5298307491575367
square,0.3192672460809617,351.51843178487144,0.6981419598737235,0.21523802347695598
triangle,0.7192296467484411,171.48118083275705,0.24370797884225642,0.24670394764115872
circle,0.6279227872455191,245.101302331179,0.6373526806118254,0.757366141722031
circle,0.585019875640094,138.55588101313924,0.6807594333821712,0.25747383362929943
square,0.30627426987262474,307.10694549252014,0.4415936465718838,0.2081837287608472
circle,0.6884795780485701,156.04254335912185,0.32930719908120776,0.5858780293354375
triangle,0.24995750488240118,41.6693726237704,0.23792349071386187,0.22172534818609554
square,0.7959304782838308,99.10173543888118,0.6540320417539789,0.5124441826227601
circle,0.3542644216537114,20.619628060447276,0.31629463844797506,0.6253944262288113
circle,0.4464239823588507,206.90375289178903,0.30158236096356594,0.4237155313404472
triangle,0.2580308503962939,162.4416780115997,0.625691042513504,0.3938371831369538
triangle,0.23648830696867545,148.20018637489986,0.7067353777353742,0.7025301056013635
square,0.26963482410271516,248.04984245924788,0.24374948748993308,0.5730125999378395
square,0.4981071538835748,45.105229375323944,0.6191453175389166,0.7014909082547496
square,0.6368115393580389,86.56101246264045,0.2137011615703512,0.568850968508848
circle,0.6870360475623134,99.23406121954353,0.4023156560830003,0.6956417791478011
triangle,0.5856472487722595,117.58583088873999,0.47122604369913657,0.38786183525624796
square,0.37094842850982446,305.9573636164627,0.35503497303148296,0.25693489138786685
square,0.4710249218740958,345.7625616603613,0.6107362831374128,0.43074026144621436
circle,0.34010051707449074,346.72266964319533,0.6704641089158645,0.273513678751797
circle,0.4595659179049678,267.79767160546976,0.5330292090800194,0.5113446093987127
square,0.362199258197452,167.09320641817246,0.2952694655247209,0.6335687024419986
triangle,0.677031758581541,41.18606711513161,0.3483928276331473,0.49738347041222714
triangle,0.5689334472148582,61.08586593920008,0.7627711748532906,0.2550851227888195
square,0.6842749704061917,123.30384664250604,0.36029321870322784,0.346728867158844
triangle,0.7425703234934253,206.67860378280278,0.7892998627167134,0.20802205410825675
circle,0.3482333077278382,72.09480337288997,0.3031238053323112,0.34724660093363113
square,0.6067632514352226,343.142285929376,0.5112335551546989,0.6991509263055478
circle,0.7895450309446628,53.44256990520621,0.7702686272443335,0.7871555307839682
triangle,0.6597563084514506,263.9418825498952,0.7119196181982412,0.287175361995229
circle,0.2974306224542542,247.6321200703622,0.29227075439738537,0.3982391607649094
triangle,0.5423532227163202,123.37135058679087,0.6481754199693487,0.3954059525652325
square,0.33409095413179823,249.5824993929567,0.5332143559034698,0.6640527342446014
square,0.7741375394037284,194.68751094661906,0.5479824121675704,0.4521203219971026
circle,0.4099043321912177,304.2855621100307,0.2835805655995923,0.20712775679924833
triangle,0.6767585993375298,23.71796535015619,0.4712157691097736,0.27196382367504857
circle,0.3812506337854344,116.98892653574659,0.783081457685916,0.7597398033992468
square,0.22351669032596133,32.84933738682721,0.5545124225698428,0.5419420379462732
square,0.5145256223328982,120.29680533030404,0.5982313137016084,0.5310150082570881
square,0.6003892109524045,103.00589283795236,0.45797691962650033,0.21924980568835764
circle,0.32501253796268803,253.27833066644033,0.5336403763429388,0.5633120970202147
triangle,0.20035973605226637,169.369996829151,0.5510083112035492,0.38687757989069016
triangle,0.702154366642475,178.37237497586452,0.3279958021070376,0.4359733665075574
circle,0.6042213624643443,106.72248563331348,0.2821970870173968,0.28542054298246755
triangle,0.20050382958903046,69.70476144978676,0.2594321974257704,0.7764685015865318
square,0.4355609508153552,15.673389857124423,0.6770235343668964,0.6480543674940709
circle,0.7072507134350834,80.55026462923648,0.48432865275170167,0.7072390789613976
triangle,0.4041888740286316,151.2788207400015,0.7048054648822368,0.693728301895362
square,0.6828392684910204,22.440455215787352,0.2392219724637642,0.7155257343671384
triangle,0.7745603040380922,253.70558976452878,0.48267342002176483,0.6520583250917613
circle,0.6854383887630133,175.77543374823,0.6910007747676331,0.5478716572609572
triangle,0.49065333946091333,71.5406700941272,0.44272874232530846,0.2131053025932791
triangle,0.5872908391464344,140.71632233357926,0.22825100678969,0.722444883424672
square,0.266732610765096,168.51162446648863,0.205933630549817,0.660716091390515
square,0.5419572041990612,224.6642311157711,0.6458532525762085,0.2804893485231658
triangle,0.4004435312468477,58.80937293648164,0.5393077233245678,0.39496398678856914
square,0.35126068839830693,158.47158662069882,0.6445952682720366,0.5065751289003453
triangle,0.3375278529089167,200.68368979472282,0.7363830539517555,0.5412291749420253
triangle,0.4851544639653211,317.4349835047189,0.6073010691580635,0.325905051298269
square,0.22373834992524183,4.855420812895801,0.43756557694673376,0.3545458903515982
triangle,0.4412720867949621,246.0926170587517,0.38059874615925593,0.2881171298254874
triangle,0.7224848890562252,71.69988607795393,0.49357451135610747,0.2347538952755166
triangle,0.23204037126408808,102.40946698902025,0.41564983118288273,0.22308783483536876
triangle,0.5118917931281182,86.55999337415682,0.27606792784319184,0.5333232521513895
square,0.21890620969803423,217.85666619302674,0.6037510064230363,0.5244208533545189
circle,0.7204715898160357,174.44475128672977,0.20309038933717824,0.575644558254719
circle,0.47062629679833407,27.120746710584335,0.2548068004435037,0.5586241692135561
square,0.6056490583929056,23.534177665466437,0.36450219275647966,0.7061998244203869
circle,0.5614458724683135,255.1749742685854,0.6285977699737457,0.28566753297666503
square,0.29978705713728415,311.15723087607364,0.6297073847280346,0.6576709316772429
triangle,0.43737708248572527,190.33605763161796,0.27164090116312467,0.7081278375700535
circle,0.7346250053770831,159.6280104129358,0.4133429465238038,0.26958753933374136
square,0.40461394472184753,47.47566665737589,0.43890005850792774,0.7055808025183847
square,0.407742790109551,339.3797868851884,0.544711884161803,0.7606385411811285
circle,0.49941144964214007,111.98734275066509,0.5781170594861209,0.36525660974665064
square,0.6565255687897245,124.73117351693413,0.3444955125580691,0.5059597858401079
square,0.5578962521149118,56.93589402118765,0.3659039026151052,0.6961463445761398
square,0.4609922395446564,324.18538188726717,0.21627614829715622,0.7415505514031002
triangle,0.6893806395515577,204.66219701111604,0.5194689289037453,0.40990542633130356
circle,0.4501056693213966,134.56532421523752,0.3980125774222386,0.4878856341803957
triangle,0.5895208594024485,64.06042956462976,0.6682317413219925,0.7985245231285336
triangle,0.5373598357197082,233.5410945927277,0.2634010297754905,0.4497062460077885
square,0.4055483798987984,18.235538070246395,0.23676360602517083,0.41735066273546545
circle,0.27684000714373,108.72576817023695,0.6201167912532466,0.27882106656420275
triangle,0.40305100627233614,41.955658367279966,0.5627711170072366,0.5015262534867508
circle,0.3767575442971441,113.62182205752768,0.2729169755926073,0.7633784181489014
square,0.6042658336266886,37.095012732605625,0.6261554978994833,0.3581693905374437
square,0.5490632939263953,184.8849069519023,0.27798179409952256,0.769413036941512
square,0.5820799788656452,25.013737148317105,0.6474203167382477,0.7048164809071926
circle,0.7044505735238398,311.4564344587646,0.7230195098939218,0.3637005705165189
circle,0.6946268808621581,239.13917163523288,0.5050368276333563,0.770202122512119
triangle,0.22349467273520093,359.05539275014195,0.33369720218406956,0.5951318092097782
triangle,0.6743200738249158,285.3119312464912,0.20413551552436165,0.4978544766325917
triangle,0.6748847966079731,272.41914724978426,0.4344528250660878,0.3789716374646059
triangle,0.4999490343848523,73.85018517553901,0.4978574932288051,0.5825615198965023
square,0.2856975770706464,155.39930054019467,0.5300222689494447,0.6312702257345442
square,0.6579982449212791,278.76891630256085,0.508122449623053,0.7554972831565896
circle,0.5543818614596203,70.05062918079047,0.4592699351256938,0.5782710680933095
circle,0.3070732599095669,301.262665689685,0.46546528186023556,0.2825534396317646
triangle,0.6602782802023117,159.99208571570998,0.6733141370551128,0.21331306031372366
triangle,0.29812365963810294,238.48253591149924,0.4367166974395891,0.6672933776584342
triangle,0.655570584692776,221.96010887025076,0.2804574413730543,0.3394502111886954
triangle,0.572979852133323,216.64143348431907,0.46600584669257145,0.38862552358624547
triangle,0.6219117376339639,232.5775450036591,0.42686152708283054,0.5464754775413363
triangle,0.33921440438434036,113.55013911564849,0.3640211028421524,0.3745554912737834
circle,0.48357984614517385,29.906905487069043,0.3235148755330246,0.3904803063690391
square,0.7783277361067813,0.4343107896903087,0.39127795127534404,0.4615798929131064
square,0.710446671920109,58.82423625623169,0.6131919383710842,0.22877746015637515
triangle,0.3082643578071024,198.07418491784813,0.7650895840804204,0.31487113187187726
square,0.42607093409150126,346.9693108881615,0.3863765744238851,0.36303818814326405
triangle,0.7466627442990539,218.9971180861118,0.7207979484943157,0.49240112199391645
triangle,0.5278101998872572,270.32192769398847,0.6616180858332605,0.5070467630434254
square,0.21158146497603908,346.26799565856686,0.771315749509454,0.5196794855682572
circle,0.28651998306259546,61.886234388948324,0.24956392326694354,0.4843201780879759
circle,0.5281650340614408,60.224606041230096,0.5305202551447858,0.6990139803869174
square,0.5393892537762397,153.1893156278422,0.5846697619721424,0.6540619893316826
triangle,0.29485774206893123,274.8792470128194,0.29243224199401346,0.47887361901995956
circle,0.4165255642054181,340.77318483363655,0.6982646498875269,0.21459351905677393
circle,0.245177394150416,103.42345446854156,0.21162106766285418,0.2522493191553591
triangle,0.3165793356005731,96.52699857478228,0.7676352558403041,0.3924455120410043
circle,0.5450946552802385,176.87148742248078,0.3246622248183145,0.7063451442561275
triangle,0.7159757282076258,183.3296729275182,0.7128513319946523,0.3549684983675319
triangle,0.712333040901731,192.26406057881914,0.2999128152558632,0.6967469149499743
triangle,0.6887510958322722,213.09610661365053,0.37881778215330386,0.45282113034006655
triangle,0.6009918927943191,56.78264713223157,0.29586984767696334,0.7178740016851524
circle,0.738462714610608,27.902144280462714,0.7628472332718321,0.349637449537652
square,0.45315049083795356,94.09041012120913,0.5974188192280665,0.3826906470928282
square,0.6868313012201475,202.32369405064588,0.6155988826221813,0.23456822724115375
circle,0.6518609352651352,123.69915414686358,0.4798476476683096,0.3367912675892585
square,0.4108382131296604,122.68620058066647,0.22684171132662234,0.44577784907399975
square,0.35368129908253554,293.56589720346864,0.28165830370802547,0.30390625642273394
triangle,0.7571298515147824,169.73129713523832,0.37401002886518153,0.5557230903584973
circle,0.5670169351050395,256.8868698212756,0.26796416588843475,0.24525398054070535
triangle,0.27963105352068884,186.62379619039436,0.558519819014381,0.5196440404661272
triangle,0.28064668565486545,278.13195511168027,0.6893963528014233,0.7625268510820551
triangle,0.4870625075551734,74.40972606083068,0.5467660262818871,0.694334708315721
circle,0.2660528720141442,147.1554739606785,0.7733756892675268,0.33101826720016814
square,0.20874095243963742,221.05254973538277,0.4073945137857423,0.7615429162942602
triangle,0.6689816176232255,2.8492287022485385,0.7011450303358602,0.22414799810706174
circle,0.5772534645249346,282.6493095381866,0.5358395823973936,0.4224581573975192
square,0.667557437339827,16.116976069545693,0.40448460324796054,0.37349446681662124
circle,0.7612602431699971,169.10660581433592,0.511765390256306,0.6238164759474297
square,0.2969408652189211,236.32238422109845,0.7228159074668916,0.5530742404650579
square,0.7896243167224675,92.2186581152167,0.5985979696235265,0.5652298664449646
triangle,0.4284618589333098,259.5234365306328,0.3926551067327375,0.39588693371040184
triangle,0.6352345683348704,183.1361156431275,0.2964308033862908,0.22532378236523504
circle,0.221036127541981,302.8996404080472,0.20657210721308444,0.7907036513837673
square,0.5246772282002545,352.3015076163522,0.31712176580984125,0.512642898574293
circle,0.7891929784257505,199.493615184329,0.7386433371892069,0.4096359080076063
triangle,0.23948191822846582,163.05412805317073,0.4520142797900013,0.3538080362903643
square,0.4460153602954917,333.35255740246635,0.5683800113063383,0.25644985845448004
triangle,0.5959910116470256,187.8501933455203,0.6466451279433014,0.6402477670758955
triangle,0.6251671749483332,86.27324155140097,0.25194393814347726,0.2985103131179791
triangle,0.3411324977507465,89.65458718275843,0.6807148482281555,0.588802800964048
triangle,0.713421092673705,151.49693614299753,0.21266384445971945,0.31485545909765883
circle,0.6085689770938998,223.73888874373537,0.3590253299462143,0.22564881603955417
triangle,0.7759051156934658,31.22345672630197,0.5435509548156168,0.30488225906854216
triangle,0.5498954247934895,337.9681083212531,0.7182094260429559,0.7210055861335873
circle,0.530453875578774,4.638522166020191,0.46836108431895745,0.5638998469308742
circle,0.30953811140873566,187.07788003434882,0.6981486782027129,0.6224018284499533
square,0.7920457239570484,206.70794446374703,0.7868562977961364,0.3650509285561815
circle,0.7459953468653189,278.8285460799772,0.43482136089738693,0.4587835359085292
square,0.7384785653153765,118.60864298543163,0.28721557154135596,0.53112998834916
square,0.669960048032612,5.603872299736858,0.4710558937801095,0.41597695306293364
square,0.5341165472988251,301.71008354689417,0.39516368297045723,0.6123545365962708
square,0.20301899196585446,330.0587533880037,0.476754960803118,0.4791128119847228
triangle,0.21873851047759,99.16944932719213,0.494699711754658,0.3830025083856754
square,0.4358635731868326,185.77875495301723,0.7513516862682925,0.7818171785701036
square,0.7918959193447102,59.64700997114462,0.2356612894910851,0.7635648176222773
circle,0.6003105458054291,205.2229831187146,0.5787862305841808,0.38287219087795393
circle,0.7677432551867822,124.44360833628708,0.3959067129942754,0.33433180355969405
circle,0.3967342717692097,12.66610293140904,0.20959832393633723,0.2746772327916046
square,0.5231751082359578,327.7662321330686,0.6491764682094823,0.6920938925386464
triangle,0.2476491125576842,354.53394079133267,0.5813028672960294,0.56040877496321
square,0.4800233966382863,294.231314344839,0.5128825892098834,0.5170686674487721
circle,0.5202759946540451,288.93557348017157,0.5365511133248803,0.32918137960276495
triangle,0.48729259642149797,155.79459934924026,0.245599750236228,0.30490355391641166
square,0.43094837753827214,312.008175809411,0.27139678209479134,0.6452335875005897
square,0.4641918635302784,269.1505071535872,0.6124625359991759,0.5318082292248654
square,0.5701371612811359,256.43438868376825,0.6006955843984134,0.636663774392633
triangle,0.4626175824159853,28.20571611059399,0.2890800953259506,0.35487469047860554
triangle,0.6584261912471137,228.0524996076698,0.34133029997169334,0.5808627353568092
square,0.32891692890001367,213.01908826989978,0.518329011607664,0.3647290468212031
triangle,0.554520854518206,308.36050739850396,0.4248642410452341,0.48304196519244463
square,0.4669942642771853,296.45669271989203,0.36819524356458666,0.37707827238348657
circle,0.6937978147976003,21.827596079848707,0.7817014252337635,0.3787739229649319
triangle,0.6511870108349267,97.2397592598425,0.29357744649013356,0.6433564301921428
circle,0.3236992061877102,113.45815842934064,0.2974755941688799,0.43570782560313226
circle,0.3854155426183419,49.77682399640007,0.2810903133165443,0.6128219116583655
triangle,0.48595426588138435,257.7396618432214,0.429863879071122,0.5706265009376098
square,0.6472660163514328,349.0917876625133,0.7889480501573092,0.7031455178209374
circle,0.2739305020229619,218.1776971486579,0.6767760131835132,0.6484833330407269
circle,0.36751989855046785,267.65556276078826,0.42188300280418856,0.7951413083919034
circle,0.7817162576399883,176.82926600260654,0.7330716819987229,0.5024228661240777
square,0.5823893885647757,233.915994689236,0.4816528596206866,0.7762729701845685
triangle,0.5026885301525801,115.25556097386942,0.2838742838196916,0.5539914869361002
square,0.7908195834836924,345.742644574346,0.5632220169693993,0.26697722633391174
circle,0.7184625588872384,150.0178278279383,0.4994394673776664,0.5849998092182638
triangle,0.2571771696479718,143.99346910439778,0.3590048872561634,0.2658392737439747
square,0.42761776400122864,310.9571373692005,0.6277859025062631,0.2914717196402151
circle,0.22647938498712614,116.97958017424601,0.4670582455702523,0.5378744971661247
square,0.4205692060321634,333.5808563809309,0.30602230573902184,0.34689125340401106
square,0.6921822372008184,71.50413352086777,0.24201195884702184,0.7710979519070793
triangle,0.261494141582861,342.1781760888547,0.45125070372647785,0.6227236925722024
triangle,0.5233210031552531,172.35413252395352,0.37701734202544457,0.7917201611370424
triangle,0.6438792331686984,100.37138729157313,0.6659734947855702,0.7517739210571355
triangle,0.650750602240846,174.743656287255,0.5563561227392199,0.4495957443931692
square,0.7531451524611144,178.01272272466196,0.612332904628831,0.2893757508815515
triangle,0.27153946856842287,318.48034767661613,0.3485192137819402,0.7928227866478095
square,0.6955251556626431,0.17147600780373473,0.2953838701028392,0.43471005559153136
square,0.5401402974799201,350.4034340824226,0.3963246469457709,0.4920960542671674
circle,0.6196831786491488,20.91484327119947,0.42876998153030443,0.5889068591179152
triangle,0.6004250829985527,5.788741773057007,0.4917243703561077,0.38413125919588337
square,0.7245116097424904,217.61176227313018,0.7469063509073337,0.7984222060326509
triangle,0.6054019825167922,23.520336159551924,0.2977729356295268,0.6891519865138142
triangle,0.7928715998218672,171.32362485021156,0.5822820587954657,0.5954815991268304
square,0.6639027479865716,149.42856509418544,0.7616929537940791,0.7899727393142331
triangle,0.6315186950918726,102.81782638017788,0.23961615376914153,0.4860633871696938
square,0.508737291688284,278.35955055816436,0.7388500834254532,0.3188145794509144
square,0.278260723513339,56.67878268144486,0.29809544593189086,0.6481607496490179
square,0.27722624175827193,340.5833578365874,0.4552000012516068,0.745526092579893
circle,0.3707336868554457,24.471660908652886,0.23632795842462279,0.34353755862280744
triangle,0.5856682213666794,328.7630561622265,0.32615035394850883,0.6433218542695285
square,0.4824800266614636,106.6486135973355,0.7374493936092477,0.6500495430576422
circle,0.28522896998529285,134.2877500184902,0.3818940882525065,0.6882189563053331
square,0.5398566653012384,266.67928857492245,0.4403315517699304,0.6873808240214487
triangle,0.2285782755350419,47.04106204188829,0.40296428568280984,0.6496517168560431
circle,0.2463001836716223,300.3598989167855,0.6491274965062008,0.26456982363697024
circle,0.21687891545309834,103.75499876151011,0.5674167213103609,0.6445865889031639
square,0.6005686343859982,197.6129915861177,0.41446860042957173,0.5493939064610733
triangle,0.4119414859644459,15.54443715851766,0.46506701737153716,0.5090502379948123
triangle,0.24158094606701597,150.41564238763803,0.6482408362863733,0.6875008250146045
circle,0.4812564310195922,297.4316390451366,0.7438319236606292,0.3761093714043522
triangle,0.7890296390120637,12.04038623523006,0.641544265841013,0.45909468363062683
triangle,0.3559300209027283,104.26454635923442,0.7874315695412453,0.6782174939428938
circle,0.7650194563216068,230.89515379536476,0.6465728736704148,0.5447302599544444
triangle,0.41670632623180975,200.03768744427856,0.4568041839501738,0.6604008608234149
circle,0.5003232226433447,149.64045264302905,0.7850979337557655,0.47568456979893065
triangle,0.4080498800062844,323.3579190359126,0.3563206004017996,0.30272414777771817
triangle,0.7622918156595466,178.50079797250316,0.680116079098541,0.24773106903276268
square,0.24533255038064364,341.7418150046974,0.5014227531101516,0.6825220205962687
triangle,0.5136763837906411,351.83194013231815,0.7786813532688586,0.7363866274806856
square,0.44032129479323756,31.283351218098268,0.4387965636673801,0.6666964998371743
circle,0.6087596658367724,346.09614413039304,0.7945595643491818,0.5391449742157473
square,0.24292054808607594,74.36331910304446,0.5351541116188567,0.5058702574635625
circle,0.20916037324427084,238.43165742386302,0.33023909079144664,0.6970616821789399
triangle,0.5622391296105325,330.34192160062423,0.6516459621308341,0.7964774402292893
square,0.26232566681889163,321.307417104297,0.4795733010018084,0.5769108717346807
square,0.7394988554359327,3.8428568791734063,0.29493869632657665,0.27384884966559964
square,0.30153368442138173,193.9588139969307,0.32787117262417137,0.5578096266438164
square,0.43739235413897315,70.44944506962592,0.3813688140298983,0.596015449129551
circle,0.7061722846671104,19.727567623199104,0.6650366910903058,0.3184384923017
square,0.32866427558128897,146.80483905751225,0.6312360038372873,0.44143582257419284
circle,0.6420994746931905,269.4526926180523,0.20112606471762706,0.5804103737140656
square,0.38905276972830194,60.36749731021884,0.31898793188224883,0.3313400762923518
circle,0.743696315299653,300.1885895148935,0.4136432883257819,0.6916025152778323
triangle,0.2429889853877989,339.6218494779335,0.5204387197810976,0.2985751682699562
circle,0.7785563191802534,347.226283331433,0.23244604193128313,0.319555151175703
triangle,0.4630468993498824,321.2518151289049,0.7653020103435515,0.27667174497800934
square,0.5639366816847533,120.74772665650052,0.22021954819234896,0.4872690212655584
circle,0.3245352624147213,240.64888626446432,0.4030205137680133,0.30277539761576416
circle,0.7579248525610405,20.389972926758677,0.41990890923232393,0.579285768503015
square,0.4262720767348674,233.63663261731887,0.43658410919190405,0.5053473435230107
square,0.23743795681793609,157.47824082544616,0.6099562925718253,0.3592974570004043
square,0.5965954808704335,328.86838483473355,0.3933783988739511,0.5634502443384366
circle,0.689260279645592,279.0496996305608,0.3151912986559279,0.5361257149626397
triangle,0.7853604373670808,59.56484883565378,0.43257616519426373,0.5958965334768349
square,0.5024314898234233,249.59031719926807,0.2484914692301211,0.4752045858883816
square,0.5512610880713645,55.76437068148596,0.7877891464391082,0.6931708261937487
triangle,0.7439809189452862,309.7812260771646,0.32416800936414747,0.5589517415028316
circle,0.6142979104797639,85.90292054865832,0.6584493108224241,0.37317039584995193
circle,0.2347358175660169,153.41965419770224,0.5051641875404699,0.3315683251847151
triangle,0.6247139361132126,293.64210641954884,0.4530592106553075,0.32775618565100895
triangle,0.4903388446040834,117.16179660589133,0.3453630859569822,0.4052877002024027
circle,0.42770727384936436,229.29683271316884,0.4623137347986579,0.355266801252178
square,0.2558270955277955,351.29889693631094,0.3458273871437342,0.477239760351335
square,0.3586387085489794,81.88134692555234,0.4039262537612016,0.7641665279502434
square,0.7131956817973144,357.7292484943597,0.7360411680679733,0.6941369015104205
square,0.5760371952582225,316.5371089443094,0.6019526128193433,0.3667880147541679
square,0.6309162802239352,258.66748424836356,0.2372030262770316,0.46472003768436665
triangle,0.7064354739560186,351.88406830442295,0.4817478210417759,0.7032006329665705
square,0.7463629144268014,304.1427232953215,0.5214707318157512,0.25320862805315764
circle,0.769733723564396,44.43299786581062,0.7153084407419745,0.6359061646713277
square,0.39174298856973544,154.17613308969862,0.4886818048446483,0.2546154673631966
triangle,0.45252687812813713,143.7675814750284,0.6502668038216814,0.3943672581891955
triangle,0.6585744137195109,135.15641701650966,0.6834340863443849,0.3018297417821638
circle,0.20949880596149642,187.9173216565414,0.5330022037236307,0.472100376828811
circle,0.6564452226865194,165.11478721703853,0.5224408598314303,0.27987124651698336
circle,0.510494421888342,263.981868005419,0.5386344016970064,0.6308094921320556
triangle,0.526654516241714,13.368264902116728,0.7279469967810841,0.7260127985689326
circle,0.5305575857785894,334.0132539169642,0.6191213021597473,0.3225959133324847
square,0.4289345521433634,153.39585287057716,0.3243957183489866,0.6130599702301656
circle,0.6390844242207381,213.53476364766541,0.6683427216566511,0.6482156196048299
circle,0.38219326282204,146.2459905751441,0.6855020669518332,0.4104536879135997
circle,0.5569526477658555,42.72077518654808,0.5093020657934968,0.7215578648061678
circle,0.6819811113545875,156.36795285296438,0.3001842978704635,0.42354194550867
circle,0.6363126665428103,107.82150214364826,0.447420055594117,0.6910013150837753
triangle,0.7899257244265148,29.588000560532052,0.43888527144245454,0.3279680733537679
circle,0.4887536870428379,171.97828707401328,0.39116976049054064,0.6975564886218619
square,0.26153856556216887,144.39080648668636,0.7266630439854083,0.3872701760282815
triangle,0.3923396784621123,335.91411980944423,0.5881501084980559,0.6261898901387931
triangle,0.5547673985589405,131.72912609103514,0.306070850561791,0.7085326675198815
circle,0.3929328423732248,134.6271910625826,0.6025009327127279,0.6177473005759316
triangle,0.7202909904746639,354.46445503559676,0.7313438428323551,0.7947989797469628
circle,0.5085987808496597,135.4921543158233,0.4990845002777395,0.7231698447007717
circle,0.5102018237895944,224.19675510493312,0.36192689205000617,0.2550458021722539
triangle,0.6215916596650002,198.47233246275704,0.7366719213712101,0.3829662008400524
triangle,0.5749024892045431,70.45687247014855,0.7459680191214979,0.5891716442715693
triangle,0.6581379435268375,63.374437214648275,0.4285867452277996,0.4651757509522058
circle,0.7399887289877376,57.36214104196612,0.569006949926661,0.4895221954646851
square,0.7918420241863149,213.7255467579303,0.5640929609822323,0.23726018329546167
triangle,0.32791454247498836,154.62389686832583,0.7368272077778111,0.22190507283471955
circle,0.6109514064120078,294.12569683112304,0.24033699936640945,0.6385240104721666
square,0.41880407841836936,228.97849000652215,0.2847953182026309,0.7340403844021377
triangle,0.7262450757922583,70.06933318314744,0.3364445950465065,0.783002360265364
square,0.3147270012689571,205.46485650000412,0.7740230186600654,0.7241793696646541
triangle,0.3521441081242326,11.31315536259696,0.20213527690101485,0.6541480009746699
triangle,0.5651463437719574,155.2580217094689,0.7124205719224286,0.5646587035492252
triangle,0.22088400510006245,23.290572751642614,0.4127739398873935,0.22750465803801095
circle,0.28409755435693435,155.0176068161915,0.5256391028312484,0.5273936945650981
circle,0.4893984798951948,205.88054141771397,0.7421443543232278,0.43551485136402146
circle,0.20613607225928912,280.95692302935385,0.2609486587701023,0.6565465036991083
square,0.5740484046257528,155.18437498337244,0.23903390749153014,0.2293371572384365
square,0.4603239411469057,291.57170591175435,0.5412097892573882,0.4075676431416595
circle,0.4236831157290316,216.40293308211312,0.7748847982829628,0.6353756079463061
circle,0.3536396168914606,38.345057565258806,0.3533211761217856,0.6922899207119368
triangle,0.6246083973923136,177.43898504263058,0.23986867838307246,0.24341777118635152
triangle,0.6373064874382697,53.87351442332735,0.31518940663732914,0.2806947032939949
square,0.5212282111310307,283.3294920038265,0.3340805512400329,0.7317719964089997
triangle,0.6376748257927533,63.285145693059064,0.6026252193238004,0.35007775354527315
circle,0.5681581780442616,33.76161960508299,0.45178198160796995,0.3294061502714726
square,0.5956496571327524,18.90017051872006,0.26811520090327157,0.7067652749777427
square,0.6369607158252883,306.31440801688,0.45662316416268095,0.6343821157241416
square,0.5783673929569315,155.50490636660064,0.6973495316632103,0.5454788025375878
square,0.6298668152957183,155.1587993895787,0.6581766594357727,0.4643591380350362
triangle,0.25939195079965177,131.92706167780852,0.5246630755318222,0.7957753987721061
circle,0.302928250891318,56.39222879602014,0.684830950191067,0.7477873887160242
triangle,0.225385299650268,284.9628085415647,0.5318811445580534,0.4223928297240819
square,0.7599945974191353,291.3760689027098,0.6856038298418621,0.2580957509292479
triangle,0.44015334861404054,162.29938927891382,0.7839896660100842,0.6065715307498186
square,0.6749766223890008,268.85169426711104,0.22130585119925744,0.45353058360250964
triangle,0.5744969121858162,274.5810289529583,0.5548786550419474,0.47862363092716076
triangle,0.5900373562078164,248.6981319367111,0.3922180591847367,0.3472794878327933
circle,0.49198277516379685,259.26224350118423,0.7250113201887942,0.797263994058176
triangle,0.6543758785265854,56.19762904301721,0.30904088147068925,0.4058957018868823
triangle,0.49061322246936206,246.05598304621682,0.5068168247334681,0.49899516609989286
triangle,0.6495114592216324,258.0674562151121,0.3996678802199388,0.578013327766992
triangle,0.2837144235629721,185.2025478787225,0.28148005867075154,0.5745794294912228
square,0.6124905165513358,78.7408560324702,0.7634701588795174,0.4284060241083677
square,0.3254729606228626,358.2543566121803,0.7368384665822816,0.6340532901759415
triangle,0.3103383826743358,221.99323522083594,0.38376693558415187,0.539021011014615
circle,0.6518032828805709,315.7923758252272,0.7737291083718092,0.3436567754235248
circle,0.5684576821434235,52.82652780085605,0.6456641291473857,0.7567322662672966
triangle,0.6593536989023987,33.301162062096196,0.46923832042310604,0.3361184113977158
triangle,0.3060725265474679,205.88183861933823,0.28770307269289586,0.4545829534312792
triangle,0.2652766050906473,215.20041931758612,0.2849192844309831,0.44975216346672586
triangle,0.5302951148551696,187.65424696833242,0.6337322599584807,0.3863152314936604
square,0.31636047667818834,198.80314840451544,0.49387697733383357,0.30847876830659127
square,0.3699139557354941,194.76126258443537,0.30539542922795326,0.7582306741056772
square,0.655152605704743,261.74519424484754,0.38914779217262474,0.5691475687678953
circle,0.5533068755580169,62.04815380599435,0.34033744776580555,0.43059219035885204
triangle,0.21662271052001328,78.01827915566871,0.5227431270227795,0.7618187446581082
circle,0.7623030311430645,61.569762580167925,0.47474413229268914,0.7216423030539654
triangle,0.577256578087735,285.237354858705,0.6818411776743438,0.5557481290653107
triangle,0.2734953438332191,154.54178044049863,0.7262104529491729,0.6224683861763778
triangle,0.3718833367895032,200.70545821766274,0.7904597733554668,0.6923212496160963
square,0.5945494455983258,310.9097218346952,0.4502719196928724,0.5480502922821024
triangle,0.2541195118632158,300.0983663044596,0.5921307449130212,0.27453719092807655
square,0.499094751605685,224.13429808401918,0.465247043213088,0.747456425128574
square,0.6196450856871367,151.25135294619415,0.34885184198943114,0.7177006146068119
triangle,0.2753957392079411,282.77796050212265,0.41603750353135727,0.748391970635204
triangle,0.6038724619986822,123.06062583523395,0.6586782189266908,0.7965197134028597
circle,0.446886946982142,222.5329876976229,0.24810712919184924,0.732992239527003
triangle,0.6246580420761896,354.63659614864343,0.721527531937795,0.22520045461532295
square,0.4196245592816378,67.38203082300238,0.7688427181665949,0.5186118567632233
circle,0.5054179608935783,113.21764646263932,0.6347483782531109,0.508640024330437
triangle,0.5077206299301606,59.93184622331671,0.3001693839975206,0.2893471590805098
circle,0.7631791576527047,129.9360104474975,0.30317859419015597,0.3061935605482487
circle,0.26555101189331476,118.23651417455122,0.6547033437538408,0.3561237270926064
circle,0.621492374311804,166.74920141142147,0.4643792714870372,0.3505147281138016
triangle,0.601386462657463,74.16531276681059,0.6733272150661203,0.30631703040087954
square,0.38961012545383433,157.04396319216355,0.42943331671712814,0.34420851367291083
square,0.6548048422166894,127.91066657218168,0.5583601178605953,0.7503998972883885
circle,0.6325988281686505,31.13925330909162,0.5620938382804026,0.6440159867914534
circle,0.28121130319087406,166.30870224012807,0.41690061192080796,0.706336740435481
triangle,0.3026451858818826,130.0475989967048,0.2855765962196571,0.5115860075052562
square,0.6688106109489438,358.03778112311187,0.7810715098506742,0.6793212411517013
triangle,0.7462710814796469,313.4938965670919,0.7345173718067419,0.28917747858608334
circle,0.6409198868007444,170.56659831332192,0.24818465922428562,0.6155195515400196
square,0.5985553294053355,208.7334079993172,0.2750327244040569,0.21020518273852504
circle,0.5210712586135546,83.64787842378107,0.5527830727635356,0.21614758846675286
circle,0.46376709086634965,88.85728005752772,0.5972957918877277,0.38504917607711125
triangle,0.42133447142134883,315.91038701312425,0.4900082183897425,0.6736814091123842
triangle,0.3998829832959217,112.12231022326768,0.4760492135491652,0.215513488645144
square,0.5734625459595489,299.77478682890376,0.7574368288151776,0.2676827007263354
square,0.6610391967236378,199.77613735672577,0.7640641200053127,0.6245143855972475
triangle,0.7983610124036171,115.0379114758758,0.5584988019456698,0.7979699063666643
circle,0.3632392622596574,145.86437336912724,0.46137455926768345,0.304890080143281
triangle,0.48414057146250716,44.375888084735294,0.5158209787351222,0.4424871071390773
circle,0.5644436300715472,343.08698211052797,0.5285918644101628,0.28233365333989663
square,0.2687930320290637,342.01636239803486,0.5405383088511309,0.5400214456789396
square,0.5787588202215258,264.9176545524141,0.6339743777688058,0.28184786365193815
square,0.6568907278476506,321.85324430011104,0.43290543615971555,0.5456567521643421
triangle,0.5511151777583329,206.2173425893317,0.7735000109344294,0.6138331327627837
square,0.6682556807775741,280.0923356878224,0.738474100017815,0.4505758207822973
triangle,0.722996536806159,314.46473773197897,0.4106682941585426,0.7394428071824661
triangle,0.790702790397779,277.4324229288998,0.5487710962810298,0.22918508828780995
triangle,0.37632097619641963,203.25758456866427,0.4286493477318675,0.24948404307985847
circle,0.3603438543254706,10.050103365309603,0.6435948726627345,0.43056453847182274
triangle,0.29363834159960545,32.21168405925527,0.44449259791446016,0.768323241320491
circle,0.7086727362841709,92.01382688118892,0.2523286527453189,0.22400004761061015
triangle,0.7560381341037725,312.8767659075774,0.5708472819768144,0.5668718839759942
circle,0.4478359991677404,88.76324636206807,0.5678269205517701,0.7515534808296058
square,0.4806468927780131,0.05495977151473763,0.6112200648160098,0.58558588369173
square,0.7632683766267929,233.6930292401704,0.24422412162224005,0.3629992572770805
circle,0.41162006204510715,224.9237612935291,0.5220985308268871,0.5833761202814439
square,0.35365860083241374,84.25804365770333,0.7929009552880029,0.22634976170048404
square,0.5122578542281735,8.842780321012418,0.6273157955222679,0.4103358043702654
circle,0.269859119826825,182.93276859263656,0.6111462562771224,0.23429079634247427
circle,0.5103095507245259,7.852039115051399,0.32482202560261064,0.6377816557453226
square,0.44996044559705806,144.08433999783048,0.2911362400111548,0.7790913339120062
square,0.6330173685590643,347.950831056632,0.21377501020109863,0.4217013741027361
square,0.638291347881311,128.7771431881308,0.633236182177067,0.5946290486231615
square,0.7122852334481569,200.11411588684592,0.28733233663786234,0.2296894986460252
circle,0.7642564290903056,8.186491769656548,0.42357348572348474,0.3974231777793273
circle,0.4876607203644953,53.55559279460525,0.6666582893968847,0.27216378792692253
circle,0.34272859405022826,79.90263872956604,0.6973555417763126,0.7840211234491652
triangle,0.5783053015154793,286.4941900054008,0.37963679566719677,0.4649693560675004
circle,0.23649462148253172,311.38596435033986,0.7585850117054658,0.7956692783359547
triangle,0.7243809589432524,64.7086686752517,0.35416319759551873,0.31024170090207887
circle,0.6189833907222237,192.8115848713366,0.27544939528781903,0.7451797453859288
triangle,0.6510363446843475,33.21143043999835,0.4643540321319452,0.7038827019467246
circle,0.5724792580013507,223.33200080605266,0.5228326909183533,0.5767817761550953
square,0.5167530362826998,318.66058056807856,0.3786882767213297,0.4140211773230165
square,0.2314907743394066,105.17092559350755,0.5487196034628181,0.7682594577894002
circle,0.46138779791226825,216.3917731811418,0.38791710087052556,0.48589480719611405
square,0.5189199771364507,172.46236432611465,0.36077758582841507,0.4198631584897836
triangle,0.6355546128303173,150.909614155703,0.769904115441326,0.558289785733634
triangle,0.6736450896424695,314.09114935864864,0.7790609456134339,0.6697397076582008
triangle,0.6752147296283058,185.83414269682456,0.6423974315969383,0.6651556269249526
circle,0.30461145908101583,45.21074633379175,0.6582569515588463,0.28683026281498225
circle,0.628683719733057,12.688171481247629,0.30265421673903437,0.6886356538893008
square,0.2776308622562528,87.74910653684442,0.7835519174344829,0.5625780731912828
triangle,0.23122295888900385,143.90475170873293,0.3335289071650078,0.3429806933043704
circle,0.6946999231695244,38.58961180396737,0.6800943566424626,0.4030405972325206
triangle,0.6775332313610054,240.06717183334038,0.4204509867076324,0.5899702930411238
triangle,0.6187704068605864,173.77510054129164,0.732336000035614,0.2544230493312177
square,0.4760416885071745,168.97663359884902,0.7772895963824222,0.5596405750348388
triangle,0.5357783162754595,45.02436102497335,0.24103680921140946,0.6017586179234602
circle,0.4016395389558127,352.1942222371979,0.5568578170949252,0.35958724523538466
circle,0.24686324554809433,5.223999859406674,0.5058270355222464,0.6088147161306786
square,0.3441473513378399,273.65654516588666,0.21183627706253894,0.2596465078246164
square,0.44649393847210467,77.32875131027396,0.7409657209526412,0.2266096687124618
triangle,0.5574309109322546,81.77521004546614,0.5457028415615666,0.406993028685863
square,0.41814437923289,21.306012556263,0.5820878280444162,0.3381003681936119
square,0.2995231343231012,355.08658638925556,0.5915419291237948,0.22868092319333877
circle,0.5387831241770231,4.737848875034882,0.2483543670546147,0.5172522356959008
square,0.5024508909376535,334.64819704946643,0.44675290753687835,0.7031431262132863
triangle,0.7366517985754717,23.394582288415506,0.5027833492728443,0.6781755807521426
square,0.5883039312639777,222.94248093050118,0.33129707019016374,0.39107607730731386
circle,0.6048413809537321,79.84996551241895,0.5088640076913225,0.683033448333219
square,0.4297803159816958,342.64506410093975,0.7681025328677968,0.5029436166877269
circle,0.20043700804159587,101.02668995126493,0.3322177619088992,0.769492508886253
circle,0.26636858495493393,40.88196159954047,0.7755290118972897,0.7221901555549515
circle,0.42664753515196474,298.0799689221293,0.7825483712167969,0.29914666240224774
circle,0.49993611598853727,273.490504608909,0.5208687080390522,0.545229573853562
circle,0.3876934764519746,238.9723108720401,0.23130212385545973,0.5618467229222603
circle,0.5077752432039009,57.8547199815501,0.34324256141770515,0.6920956659119561
square,0.5771600992046078,31.770464000302397,0.6345309696683572,0.44281210060368376
square,0.24266181427842562,76.68865000201873,0.25631168110127167,0.7019170238481776
triangle,0.7489922513765153,53.108915073286425,0.5866681594489028,0.3155335023695054
square,0.25157559716192507,263.30703644457566,0.5444121854018054,0.2613560438819815
square,0.5232822038587113,124.75604644737247,0.2415368737495408,0.590828332358788
circle,0.3059558960440959,30.38293499736797,0.6467658100256524,0.286015159734421
triangle,0.5476421783397503,173.34547054128697,0.36355873441752695,0.6797158939256569
circle,0.2689647885138974,221.9258531201282,0.6221656195659484,0.5532138996304344
circle,0.49553345121576986,247.7854371303308,0.2217042313268007,0.7528172636169472
circle,0.6830611559590292,319.98635726470405,0.5188830547748143,0.7523406462696574
circle,0.3562716685794358,125.9685537742797,0.3228426911985598,0.34581518759535823
triangle,0.2413083958259225,255.96383067124393,0.7611911529086555,0.4097631590580857
square,0.340900160085868,133.37362454933142,0.3498620881978729,0.22612132859703152
triangle,0.5582720176805568,176.52957164887803,0.26610726257996203,0.4945684216569606
circle,0.43173170200680727,224.06867827300337,0.21207361690580706,0.5581401367310637
circle,0.4288931472455567,310.3955377045812,0.4509357449725883,0.2394325221147896
square,0.7154027943725871,138.21209147073665,0.5156520986687403,0.43524453097382976
circle,0.6737452453530777,205.5409412543653,0.32246548299176514,0.6064208478559932
square,0.38797855311377055,46.085672188611284,0.20646837934815004,0.6419989041666572
circle,0.4986586205408164,196.867287313228,0.3668870476569226,0.46422580527043206
circle,0.756282536490019,112.93257195080955,0.25596068808575767,0.6499882443058109
square,0.66263214586331,31.48077581547402,0.7338906705353341,0.7308721107212741
triangle,0.22882652736942322,261.08763114043467,0.7680823697968293,0.6936854697305678
triangle,0.28870674310481437,44.590614871499625,0.48592580773901306,0.30479864995726
square,0.7596509065286801,236.87151147257708,0.6335265377959318,0.2550650800675752
square,0.36290723716459605,117.48954655953243,0.21143818045909746,0.462933546968314
triangle,0.3437336701496915,166.74848200097478,0.6256180359098864,0.5172874582166429
triangle,0.26881665696784673,209.92235682206748,0.7794538368425366,0.4246121055293281
circle,0.4460835673764471,257.8841002205542,0.6480268824110722,0.7786652923726622
square,0.650740343165598,113.91635054401985,0.43970972066763386,0.3256894836716602
square,0.47441201283262574,203.4719349326698,0.4245335980614577,0.45724150009990044
triangle,0.5823722198068286,213.0065268881183,0.6401999801243833,0.4637111803881554
circle,0.6301316061886415,141.99155845979584,0.2930075581960062,0.23684057621686816
triangle,0.32133807386583974,237.9788406550031,0.540485686977077,0.4127840495225856
circle,0.5005309781442855,245.16118141477384,0.214460246031241,0.4499931830645759
circle,0.7264450736009107,338.80598081299377,0.7331989105070267,0.639595420413404
triangle,0.4134477761956257,90.62642591913887,0.2759505388917009,0.7112723539968713
triangle,0.47849378452205377,256.95191096577724,0.2128482090666769,0.37772439549668446
square,0.5385555178363649,226.2455811570364,0.49403315575575474,0.48048230124264896
square,0.7752687748677514,227.18819751045956,0.7122884966299796,0.4471730672402846
triangle,0.3148782960266314,36.0763491996837,0.31352304064763153,0.40822673095494105
triangle,0.6641366991079116,186.64551201496107,0.4700524811072397,0.7143572576305879
circle,0.3593299558980068,71.00024512171859,0.4147594296722593,0.4047085810650436
triangle,0.6511277853420576,349.9214149099985,0.28895663687751794,0.521028383161587
square,0.25705877748641565,72.77519544630069,0.6319113490809498,0.7348612384680637
square,0.5413619161815264,255.78896618297716,0.45704503680612607,0.42949629140808876
triangle,0.4123574556557187,326.46457003040734,0.4811069013145183,0.23642344537162827
square,0.4115390217644838,252.08436429635066,0.5840991186819967,0.588873268784212
circle,0.3952947810163648,306.5208299425706,0.6910493008461384,0.2812869649862143
square,0.3566204635728367,200.3879979192629,0.6871501290567936,0.5995008760356824
square,0.35522740722700974,343.53826520346104,0.36870846356766807,0.7725317091446757
circle,0.7815221220029629,30.134852119682147,0.733366019589565,0.3888910024204709
circle,0.46549366927226354,302.4891242765956,0.42938218595110655,0.5564485801603811
circle,0.5323398001125437,166.4874448386079,0.6762625710376154,0.22826538089095777
triangle,0.41929188279462193,51.75181500288004,0.28561498374610395,0.685202910214028
triangle,0.3366427774129704,333.45458402166724,0.2844228919013138,0.7605921894455183
square,0.6022861962476469,284.72275962491227,0.7072851163560103,0.26929868139862323
triangle,0.5117566739826935,163.0343994256582,0.7961702473606367,0.591471096041797
square,0.4831674552995536,284.4088958546543,0.39882972268261296,0.3425938290129828
triangle,0.6645598921813116,206.86895767618563,0.6721005903291197,0.21729192821658805
triangle,0.4034019453329224,139.45636204577397,0.2153788709263459,0.4980443043585276
circle,0.5834261826526614,277.9060863980298,0.6504421642532688,0.3948928485989387
square,0.2877125166845574,277.93362991588117,0.65308642886174,0.760347219926677
square,0.3383767071719824,342.36834592414954,0.35813892710335304,0.3531521415949692
circle,0.30698634557770177,39.24260282653398,0.3383260313544122,0.33849386319065145
triangle,0.2881388388141721,116.26870987009569,0.30675357774080814,0.39517445962194725
square,0.3241466795971076,55.70305375924411,0.3619392476605071,0.40882716080381487
square,0.7687038768557368,127.43382525497078,0.42473031712069403,0.4037837564644484
triangle,0.7707659697953306,14.83834469742009,0.31555003411375193,0.5240266532681266
square,0.3550499755284853,85.18618872417868,0.5296279226925631,0.3489723212573621
triangle,0.26934703396730675,23.352204389785804,0.5919268202299572,0.4289652916141676
square,0.7977424285326391,28.614469070928266,0.4350673400587442,0.7596504619512574
triangle,0.44302112556848805,243.12735271939238,0.6246714310110704,0.49694487672394844
circle,0.33232324171319905,119.35776840851373,0.7280794721225214,0.42492716113252194
circle,0.32459506766812474,204.4068545996074,0.7369595494843575,0.2683014982482156
triangle,0.42917935051302886,19.69336233016367,0.5298026660164368,0.5811030133696832
circle,0.3632426238465263,3.656851172673674,0.355232377036464,0.31540427453331144
square,0.5508883435302064,54.87079638520589,0.4417838041473286,0.3141782080117862
square,0.3861682297642075,335.15131016386283,0.6418454550502433,0.2665158369743347
square,0.3153410497051829,142.76575547965712,0.5763955790455263,0.7536612049712295
circle,0.7710646910244072,156.39720595664036,0.7532894611473995,0.46020784801995146
circle,0.6302914895396323,157.0452559309665,0.24473870205819764,0.6073116722674163
square,0.37618014106962466,358.156728930672,0.600800168852094,0.3953258896605595
circle,0.5417029202708082,331.01459604409956,0.3723298160859981,0.656307233161942
triangle,0.7217245789805433,209.13770101640728,0.5616956269652986,0.5310112221796263
square,0.3700069942253832,279.7333308582195,0.33152984986727074,0.7202239588657149
circle,0.6494643706229624,59.38738359307475,0.7081636909356677,0.26101821218167076
square,0.20796035118160705,294.7647052116127,0.20023799571938997,0.45389954177882114
square,0.6859383722262337,308.5553042330122,0.5646207102492065,0.5530460828454944
triangle,0.29893268270988227,160.95259398560913,0.21937088659847984,0.3122474476939034
triangle,0.5450836935722017,228.13703091116247,0.4675906897723498,0.6945111031525266
triangle,0.28846810311017473,80.46487879791175,0.5357958468209317,0.6931003267221669
circle,0.37736300239032045,356.0920001191801,0.2930309506414071,0.20826922653090613
circle,0.4363997297983011,123.248313139802,0.5191018573369637,0.34751722844547717
triangle,0.26462329051262695,184.11074357226641,0.4679490389590195,0.24204232225426114
square,0.36519802088534215,102.7042955103803,0.29470770134230206,0.7328988260094313
triangle,0.38662968867242187,283.10281133661147,0.6673593371530961,0.44309931162327676
square,0.5967771936000572,153.2942792650193,0.6030421029788767,0.42264400876595515
square,0.35021347843795925,103.42900934872372,0.44079526405606256,0.40899002477726
square,0.3342490079264733,257.119381882419,0.6145789904941596,0.7847218946721306
circle,0.6481834329504057,119.43052364366443,0.3688034493069897,0.5179264074002756
square,0.7611060126968816,292.8268522952854,0.2635359730600197,0.5505435750891934
circle,0.40315008222818216,6.79313280323103,0.394383962341993,0.30248800722709235
circle,0.3513988243767998,59.14628591216337,0.32511436090906737,0.6218434567988094
triangle,0.38516195780898255,280.3428777891012,0.7166485498376496,0.3399974935551198
triangle,0.29312979323697175,139.2569894846578,0.4506789075328996,0.6028347158369726
circle,0.7647640408102361,35.03615183266771,0.5218725437663827,0.3926974966502885
circle,0.5609926152427173,229.57403795561655,0.29114395710466806,0.7607540484652486
triangle,0.7606389963022999,121.33420742317436,0.6472398210346879,0.40715903541496434
triangle,0.48272347885533834,38.679434094082275,0.4067859994702967,0.39149363926074543
circle,0.5724906920750095,72.80307601991693,0.2559580853315695,0.3916869922979543
square,0.2672448126500633,350.6845729463903,0.42940062422909275,0.27160295291256
triangle,0.6026679639503896,56.80548312773274,0.6771795244245313,0.2537490167374318
circle,0.3095143617658973,55.40968577219132,0.4048073071225151,0.6738589041624372
triangle,0.6260560137988584,167.18846514451917,0.3418921445557705,0.6051996213886814
circle,0.39967335819416594,170.18190478255116,0.3213240396727872,0.4178135089563257
square,0.31721860267233415,59.30304906726183,0.3541372430985114,0.4806575146052569
square,0.2759118183030317,236.22683922777097,0.45753548875841116,0.6355124193637381
circle,0.6904907508024282,291.7448665116654,0.7293812103383159,0.5471750850068223
circle,0.25619193780546057,43.0365880497969,0.6024931154970999,0.2586832344694679
circle,0.24979888554059998,223.54579064657176,0.2739846944871306,0.2536673093626235
triangle,0.39761217088615863,345.4909546616408,0.7368888139447896,0.7763682312009761
square,0.5748668744243555,116.30073679756076,0.20175086140124115,0.6490018568268948
circle,0.5028377937456223,280.42845379759046,0.6675779709659838,0.5331446194554621
triangle,0.7731099031900182,199.4569201685211,0.3194210443276792,0.6917918970945662
triangle,0.40875178923950933,303.163226834701,0.7316197892070948,0.5623754851790908
square,0.4764238625320662,113.48131858469127,0.7398161622791342,0.4747103938035797
circle,0.6266647573160328,177.56227976236624,0.6257129155495503,0.7569882721210528
triangle,0.6422965390732011,212.9236968383028,0.6565340889631188,0.4545045849778314
circle,0.49411290452716594,316.0808604133375,0.7608375868325756,0.6908220117434798
triangle,0.380291823370111,264.702452721866,0.37206342792912755,0.6402377942747034
circle,0.7731540219524278,96.8282720743284,0.21854270194975223,0.6808590157836333
square,0.7098542689895395,198.19381458609558,0.4135041382708202,0.6598128076471236
triangle,0.34789140120173834,26.731879450712594,0.3811889318629447,0.6907556994234723
circle,0.7671151285815994,289.28041282220426,0.761064737926429,0.5429491043732618
square,0.7338624825300588,59.46220984781539,0.4896686332920102,0.2515639007478939
triangle,0.4514978637605985,85.89583283352223,0.504025832735125,0.6364272347123363
square,0.2862826149420167,177.28993064298965,0.7911785695041027,0.3867611198181914
circle,0.2292577224514429,47.10142753959594,0.20507493236290789,0.6545959651845628
circle,0.4170399400126781,323.6786834200811,0.2211183248854842,0.7943997483983707
square,0.22516409038496252,344.06452462048674,0.28511966877663153,0.7993387587420193
square,0.27107413966390487,213.49800452680878,0.5579170493521213,0.26329263849592893
square,0.6114377589290908,320.97331109619887,0.5427137570104038,0.7558810895277328
square,0.5738841488597735,324.67512184446366,0.5534640323784784,0.43443916558124546
circle,0.7321306137503851,205.4132849541434,0.2882528793811054,0.41851421726681937
square,0.2068260019756179,16.816002021395704,0.4110265838478011,0.3223744337206962
circle,0.6103339095335198,228.3060550698998,0.6056800992322934,0.598384047730557
triangle,0.5989464824162531,160.1077517848617,0.7103915117388759,0.346363792744451
triangle,0.4798106679568774,308.1086363970644,0.2842694293540685,0.2480659839143862
circle,0.519076204042924,303.7899916652628,0.27573661333355665,0.391791692820715
square,0.273000563229527,337.1197778326497,0.2656422671433883,0.483306717623139
square,0.633605347112667,3.385122542709613,0.6332100046289302,0.2591105705238929
triangle,0.28758464231277914,32.83745054727802,0.5542170411055367,0.2663877693107263
triangle,0.26623149001156227,107.63364011662196,0.6378561427652978,0.4080842097475273
triangle,0.7770627793047267,292.7476339876862,0.6875589354778859,0.20427459885034707
triangle,0.7140674404038359,104.72960776394078,0.5854447934989383,0.5900392779998134
triangle,0.4762349903032792,46.315179841044795,0.24122519687686833,0.3987852594393396
square,0.3721440680222867,219.40552316737342,0.7645137273574321,0.48073199921100435
circle,0.7735883873224674,304.1161837960398,0.6634145845042845,0.6851101505784618
circle,0.4834646710541412,8.153158149896193,0.5852039164121086,0.2475468756313494
circle,0.6816328959226945,306.5099910850011,0.45498750903321444,0.606888440527553
square,0.78135678176063,181.74622638647054,0.7628520481268368,0.2784011107301808
circle,0.37495596640314477,254.43251865928144,0.755745046617071,0.4530118185809341
square,0.39028486846382504,297.97899829792664,0.5918157229233838,0.5922735373756672
square,0.21516521733827068,223.37891510706712,0.23603728154245263,0.6303502948852775
square,0.7078458532367995,36.444750000464474,0.4213690036885943,0.7750822935412796
square,0.4815186182882595,250.0927420977936,0.748834340066987,0.245552920444877
triangle,0.7798813538421963,105.71740428590624,0.39080608441313835,0.45426862821970937
circle,0.6693391734694736,153.58051544866154,0.21713519192328495,0.29304680756793067
triangle,0.2993560523895436,207.6082848059939,0.22835689484209495,0.4083125172740222
square,0.6240439429295481,220.01167276740657,0.4774820018353829,0.42064478012553314
triangle,0.4532302294693747,72.60069352632264,0.2293825636203633,0.7450325870090382
square,0.5811178264062595,83.53124636873136,0.6578126656914385,0.5153881953679659
triangle,0.3919028433200085,202.99729861532134,0.6282419090918518,0.4581627118068116
triangle,0.6489521924778292,51.30621788562577,0.6351227410658681,0.31865612907999796
circle,0.6064236440548183,139.46701325698763,0.5452709154632611,0.4930879925196447
circle,0.6102237619699946,102.32972447005866,0.5425825512359915,0.36912577379022604
triangle,0.5555073873375709,138.2876872604561,0.7864999083014559,0.31710763072132664
triangle,0.31738719665079357,330.03274144498306,0.7046066730024658,0.20502805379493028
triangle,0.4947415346379519,91.84945389053836,0.4843797174309815,0.7666119835371554
circle,0.4313916097769317,213.81268114055314,0.38311366201649666,0.4624660331768099
square,0.4811660516220854,185.30395260623814,0.6312169707574379,0.7283063776719108
triangle,0.22231116574880871,301.48405074225803,0.4789067869559399,0.7333729520578265
square,0.7844592019246557,128.68030922654663,0.6805838183924755,0.6855314582138807
square,0.5223434760315242,244.5174617673331,0.6608800057929696,0.7606036114172474
circle,0.38118985992541876,214.98781334384427,0.21766877492977207,0.5546513485170164
square,0.566136402020529,115.5717149658648,0.3096615718618668,0.320214906884752
square,0.2301968818508183,190.54308138959487,0.672506480865876,0.3716665466275616
triangle,0.6114308984935848,23.992169919134106,0.41719211491550934,0.42982120541378177
square,0.42570228916501984,248.52699558507595,0.38875688239884976,0.6027169955838898
triangle,0.292445026815005,326.2569494822671,0.2414187934196393,0.5136323111464127
triangle,0.6503919287807323,333.28664204209326,0.7342368942801061,0.7108933636402199
triangle,0.41835717436860653,188.49787615176876,0.7918115920391091,0.30313468902225493
circle,0.7645097323254362,87.87524349776977,0.27992807513143847,0.28502045862417436
circle,0.7351018209632161,335.57491303993606,0.22292628143510496,0.49315857903763544
circle,0.4138668772540552,31.971828623199432,0.4803629924998951,0.45118916928622377
circle,0.21859995038721627,1.3574523189534693,0.4581311912982619,0.21211653753202186
triangle,0.2970384612413005,231.77624400332465,0.7030191043494327,0.32670496614909195
circle,0.6065554604266956,283.5500981325874,0.22744420620844946,0.21189661593560172
square,0.6641675096848711,120.58078623769217,0.35284195757906445,0.5884876996702137
triangle,0.20628820485121568,246.93972600933338,0.39175699899547944,0.6029237959262421
triangle,0.35887015112121323,42.770314007456655,0.3821874754218195,0.4993336699280833
triangle,0.4080146544425674,304.42722648738743,0.70527519234192,0.609783696971093
square,0.7283055954653463,122.76833221983277,0.2627527443492626,0.7447930236636571
triangle,0.30282234869052016,115.54462755885768,0.477723846617248,0.6681044657280217
square,0.22082124001666367,296.3051605935638,0.27054804776684166,0.44385700347579654
triangle,0.6049008865978146,216.95214201627363,0.629962549430771,0.5388193692120473
circle,0.6168741568048444,272.0983367911994,0.7793264659089953,0.5223607848651485
triangle,0.31816873149818475,210.44257085365666,0.4645719766846714,0.42366409437894753
circle,0.4305390998171116,52.47065315921725,0.3157058250540637,0.28221930811318474
triangle,0.42010547700255063,103.89335704341316,0.3491675445530751,0.48178310654039924
triangle,0.5168531301085149,224.23606837793946,0.3933813240002242,0.7475860539208465
square,0.5569267953140237,73.30841622648327,0.2819661289084441,0.347101207294343
square,0.6042855046391877,298.82455086638504,0.7905098388951317,0.5836667216841961
triangle,0.6438489986588037,346.5630946055809,0.7579449552776549,0.5940575730177888
square,0.7407872704082803,192.40872654491747,0.22725092345243306,0.5751469268359891
square,0.5147271788311562,263.82381092040134,0.4569290171997143,0.48134323149626185
square,0.483441078238704,19.45930639857817,0.7801851837227722,0.37099968422344565
circle,0.4769213269721013,274.409617373133,0.3483901457781883,0.7745582017223327
triangle,0.48114761826480135,63.8277995465586,0.550568109029178,0.29616407653625004
triangle,0.28319185412361764,339.9380942942236,0.5416696179168556,0.4456694120979471
circle,0.4532826806152567,256.76543315393883,0.286711006605456,0.6364697506035962
circle,0.22681182667710975,140.14864308458758,0.7031786555800901,0.2964755226646433
triangle,0.4555685599123879,148.82384078695083,0.4667229886226262,0.25815541808501274
square,0.5728680169815332,45.984803186204836,0.6574307411688798,0.4045239810918563
circle,0.4008648458804917,148.50284741365198,0.6052274143706029,0.6901716495668787
circle,0.5566372446758683,300.87226297506925,0.6524606791862491,0.7602502768406563
square,0.6486273214902787,246.35535849730246,0.6200259604395335,0.5324200742735535
square,0.48027211784156915,278.33783908249836,0.7504739815044843,0.4473233709495931
circle,0.3227794037776937,147.00466381392,0.4636487756863564,0.4150943966699562
circle,0.5350608563211579,141.8197458773072,0.7824596883000907,0.23791189579449162
circle,0.3023843615153215,219.61420079751028,0.6694195265516502,0.33626782448163023
circle,0.5965731884546303,170.50843993515943,0.610473941596793,0.6840534963951137
circle,0.7433541495448794,182.90418098400062,0.25822721616643385,0.2203343341379408
square,0.2963727115361151,208.67679605611744,0.2261929112090249,0.3694060008570754
square,0.25578603281057455,45.6189439707724,0.31191909654190075,0.7030604049658047
square,0.7492043017823127,122.62071108523976,0.6195972198195197,0.6765036707579993
circle,0.5682676952443855,96.79439992280442,0.5350196399242751,0.2946988890114306
square,0.7571131490652703,33.010362584431824,0.48708652886281806,0.5979035713714534
square,0.5084017642633825,299.99641660894366,0.4358962210804771,0.22971183121913108
triangle,0.48457861442886374,354.52364316984546,0.6862527890255096,0.4894849045761266
triangle,0.26808986012527286,247.17246283888755,0.7915889835894756,0.6063220937694459
square,0.7210746303645315,204.79555479308596,0.6609322844728363,0.4745886475054861
square,0.7645080935049953,356.6435335809114,0.7036641445325142,0.786711603650559
triangle,0.5590140250655804,266.8093136160102,0.3405501462553001,0.5511472374469701
triangle,0.7886123723384817,183.96588835983385,0.2057693399576198,0.2035079960178123
circle,0.7137740190458339,298.4231391967603,0.6780292860278387,0.43154726861390424
triangle,0.24413689103834377,146.17739516830295,0.3801792147763793,0.6626718258376705
square,0.7059617890454499,77.36139486441046,0.2782479915476256,0.30900978829758485
circle,0.4621002412454062,300.2577328968483,0.2898302789370678,0.2780408487599066
triangle,0.7025664238627922,267.16170446843466,0.38724224863803913,0.5866651911058112
square,0.7346151115016177,216.7977979736901,0.29496829916782447,0.23106362795634608
square,0.7137191721114751,78.3826170833317,0.5611791066126428,0.42454384183449634
circle,0.38862400287797,211.66559735562635,0.640084646462129,0.29280277387839865
triangle,0.6644910058246749,226.70791246701071,0.3909908568395223,0.5332108308763761
square,0.5276814761980635,60.34835876387328,0.5148992417263998,0.7587161270514586
triangle,0.6795712650054881,170.9843290096839,0.48929684793230216,0.7639640233213003
circle,0.28376100430596984,260.9195424089834,0.6072044281707356,0.6277804944991887
square,0.6894733342103321,13.69023092758697,0.3439938757643131,0.6473424386854003
circle,0.688926162765841,153.64735537317506,0.2704472220347544,0.42759578807546783
triangle,0.6686681259944314,106.75334371478779,0.3678617239919698,0.3879697129537359
circle,0.7644097875871252,211.38947551191552,0.7763817879946635,0.4432745015611571
triangle,0.4258394626271,11.68067215683369,0.21887839225353703,0.6876190492411411
circle,0.4926001128236626,87.74856827640265,0.324076088620478,0.5543586114295511
circle,0.2673387861869365,128.62308221624787,0.3649734883738115,0.7449651374454471
triangle,0.49929189510679634,158.57089125729863,0.5691513100647017,0.574888482646156
triangle,0.6269579095002964,58.41269778282378,0.3801124374115617,0.48752516929853185
circle,0.4045745897106039,242.0744543726125,0.6183039111875087,0.5501091830426463
square,0.3337233292227463,105.89801472298578,0.7403644850947082,0.42012294862891514
triangle,0.5426026564348225,275.56871363102204,0.6323811769940584,0.3889355188987804
triangle,0.6578044839924766,279.00759866969884,0.4687160609638658,0.7348489816693624
triangle,0.6078445807906778,126.78422793328419,0.3712213514165681,0.23724895375593047
square,0.5548459923251124,36.3778104088608,0.23326273064515335,0.7615208545095877
circle,0.6243442629829805,300.65052675194136,0.6190004245402676,0.3474509721360286
square,0.22081177188660603,323.8031130734696,0.5218319553377909,0.5716861580886915
circle,0.41923176603635093,45.61207100722435,0.3099990892897956,0.5990109721200279
triangle,0.6621581324340726,197.01085088310379,0.46089747996135266,0.7293451768863786
circle,0.4128814362766544,174.73997423415898,0.4276418187940859,0.53947268443046
square,0.3719813394100097,284.39726846958695,0.6002732731117115,0.5912375005530848
circle,0.23135728111052312,34.96530385789709,0.41711688766421884,0.7125673346449901
square,0.40882340247736904,153.39182986731623,0.23869841667500977,0.6293206306158088
triangle,0.42687566023341406,11.616855397681288,0.5162843101757384,0.6543080216369026
circle,0.6225566987877089,219.35947339554778,0.6700035756973506,0.3306267410025937
circle,0.44712479671024496,103.14689721207056,0.30703158931050717,0.7784860071483906
triangle,0.4819427222666414,22.47064756058004,0.591078447854916,0.47818115077697704
circle,0.5921044206327973,62.31490372056762,0.429856971528243,0.6101246045240373
circle,0.24986725234194856,171.40029649934934,0.6473960150400073,0.7939859748619087
circle,0.5126362981516354,28.40425702332725,0.28194697888083936,0.29549797524674715
circle,0.21238581444457105,54.451139777130756,0.5396047635083712,0.528027991661198
triangle,0.6097632456603297,194.4263097414537,0.6618007540667026,0.7535935350426324
triangle,0.5754741711237898,102.44695685272126,0.44400321368048645,0.4104340669329488
circle,0.6990592606875186,117.23018623873432,0.3281629708823596,0.5845944119874811
square,0.5900885182330026,178.03343758643487,0.6932849198808612,0.28232476805466106
square,0.3634393904383628,323.8442149855551,0.29553214713144754,0.639030465218543
triangle,0.4915881445706087,311.0881445715782,0.3650327572787432,0.620029578922435
circle,0.7444925314612114,312.52031092296045,0.7140745642679203,0.2681362604334455
circle,0.4988772782379499,98.99910890957511,0.3262963493539308,0.6929108765714126
square,0.26917054745590374,39.47889610463785,0.45198570079017675,0.7814711927080642
circle,0.6538462899679507,264.21534488617283,0.551157801122584,0.6313584612316625
triangle,0.7481535950675802,13.932045024184006,0.7043681242578934,0.426186665003686
triangle,0.20757206682838908,80.4330954025551,0.48892526370186884,0.5050178732653359
triangle,0.44786006928037364,15.70912391103339,0.28705093582530594,0.4073695755680885
square,0.2725668791315432,331.5413079551099,0.5295575479889927,0.5432186850765266
triangle,0.45334827731587024,58.319353136028425,0.5657498441010136,0.29448382468942735
circle,0.5316470469206473,187.66453812890197,0.5644553353758311,0.43128776269847113
triangle,0.6254097508788048,174.0083056421101,0.5649396975292118,0.5864410080777818
triangle,0.5463769113000632,128.7907927686089,0.6579560781703443,0.48279935664986207
square,0.46322408165760315,210.82293201151867,0.24220279665570085,0.3231908019022835
triangle,0.7693379243724459,218.55416195729694,0.5768711918045908,0.3007668931502906
triangle,0.44278621464631507,213.89754468014982,0.689962535137723,0.5012367513612315
triangle,0.3981939603857465,153.83805820306932,0.2341951330094478,0.7311919404293232
triangle,0.6516513896833847,40.884720149974065,0.3340389728400458,0.3568623006811526
square,0.2685876680638031,331.3521392394655,0.6911707613658608,0.5135242601919097
triangle,0.5234835451818913,55.80208906383209,0.7243955931185369,0.35234023105465995
circle,0.4333980136081828,183.31273203297476,0.6350765741700011,0.3034837819569668
circle,0.5849908767055174,174.70709992617466,0.6716392474714277,0.5240466148306212
circle,0.5812754269963344,273.77244792226264,0.31699336871232736,0.2886687153363265
circle,0.5656681622158628,191.61817521562497,0.6784177714583921,0.7909893934252776
circle,0.40288161869203465,358.99531782073416,0.7864702633904237,0.49603760513682377
circle,0.2729887741458809,301.21254220670465,0.7343338055121544,0.48825609713044316
triangle,0.31169713562552837,143.1391535291589,0.30698663348847816,0.2833475459185651
triangle,0.567437797158026,139.2773503069138,0.22406913756824087,0.6372326447670793
triangle,0.7091470572648777,141.01481891018204,0.705671031833871,0.7440699890161251
square,0.6024400301119313,73.82767863140387,0.3354058772152233,0.5691144409993014
circle,0.5479155696846577,338.2627866101299,0.40864457601028936,0.662294466861929
triangle,0.5427263612865456,3.5738175681530837,0.5246036736840594,0.7667840795492034
square,0.6758234012057994,84.08601824588106,0.5445422627794264,0.21879373061028695
triangle,0.4254853463582399,277.8075035962036,0.6998092828550656,0.26120908005401217
circle,0.34701415216350595,159.1324545854662,0.40002217463190826,0.40790795990658446
circle,0.5199372961509875,41.99794420855114,0.39911739284495573,0.43911588552794345
square,0.7579536258828645,79.6434282630795,0.4646386010169699,0.3823151964082056
circle,0.7310492866432265,181.60652185713923,0.20716886463262277,0.45639743545707634
square,0.5512084084859893,311.70665759432075,0.3522063491334335,0.730241898886437
square,0.39775747581130505,359.02767262329996,0.43114576277774386,0.7531005564247482
circle,0.47072722899494385,234.29164499366982,0.7498530203182296,0.255624482941516
square,0.3039961397950604,304.5617982020939,0.7484507298323102,0.21897516929605107
square,0.3692255570559213,272.9319376626114,0.7567738129642105,0.6215596800662475
square,0.7030973254122059,14.422314631614878,0.6995731318083687,0.5310613707116174
square,0.2267647899464035,278.3627092831699,0.7521633130873702,0.5296765570110165
square,0.7534843598078602,227.37820045976693,0.7824861291295235,0.6588799827519047
triangle,0.6193860544767591,80.76517282264837,0.2394652770299494,0.7584433715078558
circle,0.7016244149939541,68.72849174202771,0.7469789237943878,0.2899840644060106
square,0.5296309764063412,128.8764099580202,0.5628871125093331,0.6910143588254902
square,0.3852583535742439,254.59660898221986,0.2559063625541207,0.7677456887599945
circle,0.3512319100950609,247.51596145121164,0.5719602242377991,0.6038774078952015
circle,0.5981347109207934,40.97354391786263,0.2862520089019478,0.43392517507709794
triangle,0.7573932535117391,159.56746474072455,0.510515860761704,0.33847214301798084
triangle,0.7288276831298912,83.86048496840982,0.7120799994290705,0.30371118105661443
triangle,0.6403275441930276,189.91947004311223,0.5875603638411167,0.6017150640895843
square,0.43505554637415944,259.24281873859695,0.7501328742036208,0.7990005799302922
square,0.4420339984180274,214.1248347193269,0.28467879731936513,0.6543463685174491
square,0.7475916472552371,307.5912480783254,0.674494234278626,0.27552661280020163
triangle,0.4854538526946875,237.61175610914765,0.6452119452652954,0.42719445063658706
square,0.40442122091283483,165.08045607388593,0.7296837190448684,0.6783137037720468
square,0.29358774852967584,160.7037746534907,0.26863274775720075,0.4210989894364515
square,0.6475773660174546,148.07324989337695,0.7358924535777136,0.34480925612159946
square,0.7409521907095467,4.865256570181358,0.5923200734830476,0.3755003544120096
circle,0.23557419401248159,147.28916727886642,0.2388686993485783,0.3467510442544878
circle,0.7239246787457849,199.65715572576352,0.38621849804960573,0.568538263237834
circle,0.4532049440003628,47.693192737165404,0.4775755661525691,0.6317003747740135
triangle,0.6381622354654992,270.2041288601905,0.6177748570344836,0.7860684895659857
circle,0.5116191086476423,318.6971155992343,0.3302629654511113,0.20909430963772943
triangle,0.5897248508379589,298.50037253101993,0.4846559476928113,0.7704063494796385
triangle,0.23900546119869936,79.62459839276363,0.7653190983534415,0.6233127931038414
triangle,0.7121086636101941,170.2725230877714,0.5047020387130263,0.6631442799991197
circle,0.6223951385067228,277.11190603853106,0.6002384074799575,0.6592591881626159
triangle,0.6813233259910481,224.38273278065637,0.7756341572001417,0.7863637895777285
circle,0.4405378022713743,326.28345103983753,0.6633544119595751,0.45894540093712843
square,0.532672744947067,185.83660901825914,0.3776071839869273,0.7728129491752194
circle,0.3771229467731998,33.26906719454126,0.6864434692509233,0.7575591894335896
triangle,0.6434509219332132,166.51037635267585,0.35585743407502335,0.3086814227568232
square,0.309732548598808,301.3020602743185,0.6926273432832608,0.34204017656835994
square,0.5765105552354961,206.2999276701983,0.6403280553303072,0.7989197145185847
circle,0.5679392755905502,162.93794251097643,0.6220083202794595,0.7716821761921349
square,0.7516435284386958,290.45948935870666,0.48713310677893057,0.5139200256323476
circle,0.48112225463921593,347.2456481253502,0.5780700375667378,0.7350796529943115
circle,0.7053374189032418,191.0320433450441,0.25831176635698894,0.7963040934358276
circle,0.47238441376405726,107.24199960152656,0.7407412614618154,0.7741657656546543
square,0.35942174191815246,225.601929130214,0.6503736013980925,0.35200519552503895
triangle,0.6555898417619478,90.10081205623327,0.6535804084757537,0.5571171820018194
triangle,0.6512060645789708,324.5382197787593,0.23016883594900342,0.6052297806098943
circle,0.285287871940251,294.31770029869347,0.6067167365801862,0.6469707299807894
square,0.7608687594819201,233.04708364103578,0.5105208285018938,0.30090871174288836
square,0.44399376777015853,309.6783417848912,0.5631369581285379,0.7242580738053599
triangle,0.6487393669017827,98.36121642726093,0.43546907746424524,0.24875905405550264
square,0.48630698022971036,134.83399431423382,0.6652538701297108,0.2626175320139085
square,0.6387526170869822,95.46699633300501,0.40985128980452024,0.6095935349592501
square,0.6763001654086853,138.37365689721355,0.6368209041367048,0.46706105593514535
triangle,0.7450831160389302,29.614644529589622,0.6698278056717382,0.3031593344603503
circle,0.640812729426252,299.92451566548743,0.32841915241014585,0.3378774268928163
square,0.3730603016586003,4.582912879321457,0.7375730825990692,0.3631455911716913
square,0.774581861502083,250.46147144781222,0.5064970793854842,0.43416294799758554
triangle,0.24957750322986338,237.6103484493732,0.41526033563160836,0.711530946732545
circle,0.4891595441647104,252.60958252921552,0.4788060124315799,0.4947307434485388
circle,0.4696092526829662,176.17638647671177,0.6149799289142849,0.7238348041026783
triangle,0.6809931644087992,302.83551431702983,0.26032485312797354,0.40955296598735025
circle,0.26257182770643434,141.67782472933445,0.410062558998669,0.539308390770909
square,0.7525263734779715,16.222880220404203,0.4485305632472998,0.6244086349465139
square,0.28564865535151956,355.1301961187866,0.26367641576593465,0.5642948015892316
square,0.4897490688316187,329.0970082985929,0.6042741463709704,0.3992184750678667
triangle,0.23718973656875697,156.35741823801345,0.42345027015838177,0.24522450594640577
triangle,0.7690591026711926,308.903953554049,0.5700920257801287,0.6100954875230415
circle,0.4723156847818935,55.773756645270474,0.7109103716882768,0.6669285816300616
square,0.7475531365807921,328.0072563262502,0.2505128638996399,0.6267995175822141
square,0.2911036839881225,285.65426157933626,0.22888028637391727,0.3220029526099576
triangle,0.6691456371110612,72.14818207873165,0.5572101961085403,0.7955507537374642
circle,0.40745408057131316,303.931002515585,0.2947491721416649,0.21384858171222787
triangle,0.7925933730198715,263.00079642728036,0.569995119065737,0.7389625075372845
triangle,0.4758489821572039,176.62029599024316,0.2101391256414319,0.7570765745454531
circle,0.25654804501514444,77.45210998220152,0.3100532538643977,0.6298556481146212
circle,0.5861782490617452,272.11905474639144,0.5212010734406525,0.47914834568842407
square,0.29267163775789706,333.7671707741557,0.7283512321610153,0.2742930924530987
circle,0.6246631094542906,221.4288704639963,0.5926927994508907,0.682161352820233
square,0.45547458389470435,215.5472712594458,0.2581909788664365,0.5052222744587076
square,0.22274433262404683,300.43180943538334,0.41975010038779076,0.46216922096146995
triangle,0.6170853945441979,73.24573343983042,0.6839000002644531,0.7449652137088443
circle,0.40465055819486684,196.45609786474293,0.6975581020392785,0.374921802334967
circle,0.6715542443826856,297.4692715533276,0.47223433209637056,0.6095765325510596
square,0.7435777778089399,355.9735363750349,0.5279693580169866,0.6137494960772789
square,0.3305052497875262,114.13847479793503,0.47584144171622483,0.3341711054936959
triangle,0.3887604236035024,15.413578791123562,0.5313491575204887,0.48907403725319926
triangle,0.5065885687409131,336.98087069633226,0.7345152391062222,0.5940082622513513
square,0.27287914095831545,318.07426404431595,0.375565113435229,0.46667785723081046
circle,0.7553855097279729,139.3505891140111,0.7598468252678585,0.6834705519879836
circle,0.5064456820013492,121.66379069210939,0.2806278311422593,0.7946526339170656
circle,0.6609050305647439,269.6829069734106,0.7898599671099613,0.4434203132959813
square,0.6976552951240877,228.27332361693666,0.5651310704175229,0.20336541193208965
